,url,mitre_domain,tactic_name,tech_name,tech_id
0,https://www.symantec.com/connect/blogs/shamoon-attacks,['enterprise-attack'],['impact'],"['Disk Structure Wipe', 'Data Destruction', 'Disk Structure Wipe']","['T1487', 'T1485', 'T1561.002']"
1,https://www.fireeye.com/blog/threat-research/2016/11/fireeye_respondsto.html,['enterprise-attack'],['impact'],"['Disk Structure Wipe', 'Data Destruction', 'Disk Structure Wipe']","['T1487', 'T1485', 'T1561.002']"
2,http://researchcenter.paloaltonetworks.com/2016/11/unit42-shamoon-2-return-disttrack-wiper/,['enterprise-attack'],"['impact', 'defense-evasion']","['Disk Structure Wipe', 'Masquerade Task or Service', 'Data Destruction', 'Disk Structure Wipe']","['T1487', 'T1036.004', 'T1485', 'T1561.002']"
3,https://media.kasperskycontenthub.com/wp-content/uploads/sites/43/2018/03/07180722/Report_Shamoon_StoneDrill_final.pdf,['enterprise-attack'],['impact'],"['Disk Structure Wipe', 'Data Destruction', 'Disk Structure Wipe']","['T1487', 'T1485', 'T1561.002']"
4,https://unit42.paloaltonetworks.com/shamoon-3-targets-oil-gas-organization/,['enterprise-attack'],['impact'],"['Disk Structure Wipe', 'Data Destruction', 'Disk Structure Wipe']","['T1487', 'T1485', 'T1561.002']"
5,https://www.cybereason.com/blog/dropping-anchor-from-a-trickbot-infection-to-the-discovery-of-the-anchor-malware,['enterprise-attack'],['credential-access'],['Password Managers'],['T1555.005']
6,https://www.welivesecurity.com/wp-content/uploads/2019/05/ESET-LightNeuron.pdf,['enterprise-attack'],['persistence'],['Transport Agent'],['T1505.002']
7,https://blogs.cisco.com/security/evolution-of-attacks-on-cisco-ios-devices,['enterprise-attack'],"['defense-evasion', 'persistence', 'command-and-control', 'execution']","['Reduce Key Space', 'Weaken Encryption', 'Traffic Signaling', 'Network Device CLI', 'ROMMONkit', 'Non-Application Layer Protocol', 'Downgrade System Image']","['T1600.001', 'T1600', 'T1205', 'T1059.008', 'T1542.004', 'T1095', 'T1601.002']"
8,https://www.volexity.com/blog/2016/11/09/powerduke-post-election-spear-phishing-campaigns-targeting-think-tanks-and-ngos/,['enterprise-attack'],['defense-evasion'],"['Deobfuscate/Decode Files or Information', 'Obfuscated Files or Information']","['T1140', 'T1027']"
9,https://web.archive.org/web/20190717233006/http://www.symantec.com/content/en/us/enterprise/media/security_response/whitepapers/the-elderwood-project.pdf,['enterprise-attack'],['initial-access'],['Supply Chain Compromise'],['T1195']
10,https://cloudblogs.microsoft.com/microsoftsecure/2018/03/07/behavior-monitoring-combined-with-machine-learning-spoils-a-massive-dofoil-coin-mining-campaign/,['enterprise-attack'],['initial-access'],['Supply Chain Compromise'],['T1195']
11,http://www.welivesecurity.com/wp-content/uploads/2016/10/eset-sednit-part-2.pdf,['enterprise-attack'],['collection'],['Archive via Custom Method'],['T1560.003']
12,https://www.welivesecurity.com/2016/07/06/new-osxkeydnap-malware-hungry-credentials/,['enterprise-attack'],"['credential-access', 'privilege-escalation', 'defense-evasion', 'collection', 'persistence']","['Securityd Memory', 'Setuid and Setgid', 'Input Prompt', 'GUI Input Capture', 'Setuid and Setgid', 'Launch Agent', 'Launch Agent', 'Securityd Memory']","['T1555.002', 'T1548.001', 'T1141', 'T1056.002', 'T1166', 'T1543.001', 'T1159', 'T1167']"
13,https://www.fireeye.com/content/dam/fireeye-www/current-threats/pdfs/rpt-mtrends-2016.pdf,['enterprise-attack'],"['persistence', 'defense-evasion', 'privilege-escalation']","['Bootkit', 'Group Policy Modification']","['T1542.003', 'T1484.001']"
14,http://www.thesafemac.com/new-signed-malware-called-janicab/,['enterprise-attack'],"['defense-evasion', 'persistence', 'execution']","['Code Signing', 'Local Job Scheduling']","['T1116', 'T1168']"
15,https://www.prevailion.com/darkwatchman-new-fileless-techniques/,['enterprise-attack'],"['collection', 'discovery']","['Local Data Staging', 'Application Window Discovery']","['T1074.001', 'T1010']"
16,https://blog.talosintelligence.com/2018/02/olympic-destroyer.html,['enterprise-attack'],"['impact', 'credential-access']","['Service Stop', 'Credentials from Web Browsers', 'Credentials from Web Browsers', 'Data Destruction', 'Inhibit System Recovery', 'System Shutdown/Reboot']","['T1489', 'T1503', 'T1555.003', 'T1485', 'T1490', 'T1529']"
17,https://www.secureworks.com/research/wcry-ransomware-analysis,['enterprise-attack'],['impact'],['Service Stop'],['T1489']
18,https://www.fireeye.com/content/dam/fireeye-www/services/pdfs/mandiant-apt1-report.pdf,['enterprise-attack'],"['resource-development', 'defense-evasion', 'persistence']","['Malware', 'Domains', 'Email Accounts', 'Redundant Access', 'Compromise Infrastructure', 'Establish Accounts', 'Develop Capabilities']","['T1587.001', 'T1583.001', 'T1585.002', 'T1108', 'T1584', 'T1585', 'T1587']"
19,https://securelist.com/sofacy-apt-hits-high-profile-targets-with-updated-toolset/72924/,['enterprise-attack'],['resource-development'],"['Malware', 'Develop Capabilities']","['T1587.001', 'T1587']"
20,https://www2.fireeye.com/rs/848-DID-242/images/rpt-apt29-hammertoss.pdf,['enterprise-attack'],['resource-development'],['Malware'],['T1587.001']
21,https://researchcenter.paloaltonetworks.com/2016/09/unit42-sofacys-komplex-os-x-trojan/,['enterprise-attack'],"['defense-evasion', 'execution', 'persistence', 'privilege-escalation']","['Hide Artifacts', 'Launchctl', 'Launchctl', 'Launch Agent', 'Hidden Files and Directories', 'Launch Agent', 'Hidden Files and Directories', 'Plist Modification']","['T1564', 'T1152', 'T1569.001', 'T1543.001', 'T1158', 'T1159', 'T1564.001', 'T1150']"
22,https://news.sophos.com/en-us/2020/05/21/ragnar-locker-ransomware-deploys-virtual-machine-to-dodge-security/,['enterprise-attack'],['defense-evasion'],"['Hide Artifacts', 'Run Virtual Instance']","['T1564', 'T1564.006']"
23,https://www.fireeye.com/content/dam/fireeye-www/global/en/current-threats/pdfs/rpt-apt28.pdf,['enterprise-attack'],['resource-development'],['Domains'],['T1583.001']
24,https://www.bleepingcomputer.com/news/security/ryuk-ransomware-uses-wake-on-lan-to-encrypt-offline-devices/,['enterprise-attack'],"['defense-evasion', 'persistence', 'command-and-control']",['Traffic Signaling'],['T1205']
25,https://www.mandiant.com/resources/synful-knock-acis,['enterprise-attack'],"['defense-evasion', 'persistence', 'command-and-control', 'credential-access']","['Traffic Signaling', 'Network Device Authentication']","['T1205', 'T1556.004']"
26,https://www.intezer.com/blog/cloud-security/watch-your-containers-doki-infecting-docker-servers-in-the-cloud/,['enterprise-attack'],['privilege-escalation'],['Escape to Host'],['T1611']
27,https://researchcenter.paloaltonetworks.com/2017/11/unit42-new-malware-with-ties-to-sunorcal-discovered/,['enterprise-attack'],"['defense-evasion', 'execution']","['Control Panel', 'Control Panel Items']","['T1218.002', 'T1196']"
28,https://www.welivesecurity.com/wp-content/uploads/2020/06/ESET_InvisiMole.pdf,['enterprise-attack'],"['defense-evasion', 'privilege-escalation', 'persistence']","['Control Panel', 'Exploitation for Privilege Escalation', 'ListPlanting', 'Windows Service']","['T1218.002', 'T1068', 'T1055.015', 'T1543.003']"
29,https://www.secureworks.com/research/threat-group-3390-targets-organizations-for-cyberespionage,['enterprise-attack'],"['resource-development', 'persistence']","['Upload Tool', 'IIS Components']","['T1608.002', 'T1505.004']"
30,https://www.malwaretech.com/2013/08/powerloader-injection-something-truly.html,['enterprise-attack'],"['defense-evasion', 'privilege-escalation']","['Extra Window Memory Injection', 'Extra Window Memory Injection']","['T1181', 'T1055.011']"
31,https://www.welivesecurity.com/2013/03/19/gapz-and-redyms-droppers-based-on-power-loader-code/,['enterprise-attack'],"['defense-evasion', 'privilege-escalation']","['Extra Window Memory Injection', 'Extra Window Memory Injection']","['T1181', 'T1055.011']"
32,http://blog.talosintelligence.com/2017/09/avast-distributes-malware.html,['enterprise-attack'],['command-and-control'],"['Domain Generation Algorithms', 'Dynamic Resolution', 'Domain Generation Algorithms']","['T1483', 'T1568', 'T1568.002']"
33,https://www.fireeye.com/blog/threat-research/2017/03/dissecting_one_ofap.html,['enterprise-attack'],['command-and-control'],"['Domain Generation Algorithms', 'Dynamic Resolution', 'Domain Generation Algorithms']","['T1483', 'T1568', 'T1568.002']"
34,https://web.archive.org/web/20210825130434/https://cobaltstrike.com/downloads/csmanual38.pdf,['enterprise-attack'],['collection'],['Browser Session Hijacking'],['T1185']
35,https://blog-assets.f-secure.com/wp-content/uploads/2019/10/15163408/BlackEnergy_Quedagh.pdf,['enterprise-attack'],['defense-evasion'],['Code Signing Policy Modification'],['T1553.006']
36,https://www.fireeye.com/blog/threat-research/2013/08/breaking-down-the-china-chopper-web-shell-part-i.html,['enterprise-attack'],"['persistence', 'privilege-escalation']","['Web Shell', 'Web Shell']","['T1505.003', 'T1100']"
37,https://objective-see.com/blog/blog_0x25.html,['enterprise-attack'],"['collection', 'persistence', 'privilege-escalation']","['Video Capture', 'Login Items']","['T1125', 'T1547.015']"
38,https://www.fireeye.com/blog/threat-research/2012/08/hikit-rootkit-advanced-persistent-attack-techniques-part-1.html,['enterprise-attack'],"['privilege-escalation', 'persistence']","['Accessibility Features', 'Accessibility Features']","['T1546.008', 'T1015']"
39,https://www.welivesecurity.com/2019/05/29/turla-powershell-usage/,['enterprise-attack'],"['persistence', 'privilege-escalation']","['PowerShell Profile', 'PowerShell Profile']","['T1504', 'T1546.013']"
40,https://blog.trendmicro.com/trendlabs-security-intelligence/plead-targeted-attacks-against-taiwanese-government-agencies-2/,['enterprise-attack'],['defense-evasion'],['Right-to-Left Override'],['T1036.002']
41,https://www.fireeye.com/blog/threat-research/2015/12/the-eps-awakens-part-two.html,['enterprise-attack'],['resource-development'],['Compromise Infrastructure'],['T1584']
42,https://info.aquasec.com/hubfs/Threat%20reports/AquaSecurity_Cloud_Native_Threat_Report_2021.pdf?utm_campaign=WP%20-%20Jun2021%20Nautilus%202021%20Threat%20Research%20Report&utm_medium=email&_hsmi=132931006&_hsenc=p2ANqtz-_8oopT5Uhqab8B7kE0l3iFo1koirxtyfTehxF7N-EdGYrwk30gfiwp5SiNlW3G0TNKZxUcDkYOtwQ9S6nNVNyEO-Dgrw&utm_content=132931006&utm_source=hs_automation,['enterprise-attack'],"['defense-evasion', 'execution']","['Build Image on Host', 'Malicious Image']","['T1612', 'T1204.003']"
43,https://www.secureworks.com/research/dridex-bugat-v5-botnet-takeover-operation,['enterprise-attack'],['resource-development'],['Botnet'],['T1584.005']
44,https://unit42.paloaltonetworks.com/hildegard-malware-teamtnt/,['enterprise-attack'],"['credential-access', 'impact', 'persistence', 'initial-access']","['Credentials In Files', 'Resource Hijacking', 'External Remote Services']","['T1552.001', 'T1496', 'T1133']"
45,https://www.fireeye.com/blog/threat-research/2014/09/darwins-favorite-apt-group-2.html,['enterprise-attack'],['command-and-control'],['DNS Calculation'],['T1568.003']
46,https://s7d2.scene7.com/is/content/cylance/prod/cylance-web/en-us/resources/knowledge-center/resource-library/reports/Op_Dust_Storm_Report.pdf,['enterprise-attack'],"['defense-evasion', 'execution']","['Mshta', 'Mshta']","['T1218.005', 'T1170']"
47,https://www.fireeye.com/blog/threat-research/2017/04/fin7-phishing-lnk.html,['enterprise-attack'],"['defense-evasion', 'discovery', 'execution']","['Mshta', 'User Activity Based Checks', 'Mshta']","['T1218.005', 'T1497.002', 'T1170']"
48,http://www.hexed.in/2019/07/osxdok-analysis.html,['enterprise-attack'],"['persistence', 'privilege-escalation']",['Login Items'],['T1547.015']
49,https://blog.checkpoint.com/2017/04/27/osx-malware-catching-wants-read-https-traffic/,['enterprise-attack'],"['persistence', 'privilege-escalation']",['Login Items'],['T1547.015']
50,https://unit42.paloaltonetworks.com/mac-malware-steals-cryptocurrency-exchanges-cookies/,['enterprise-attack'],"['credential-access', 'defense-evasion', 'lateral-movement']","['Web Cookies', 'Forge Web Credentials', 'Web Session Cookie', 'Web Session Cookie', 'Steal Web Session Cookie']","['T1606.001', 'T1606', 'T1550.004', 'T1506', 'T1539']"
51,https://www.fireeye.com/blog/threat-research/2021/06/darkside-affiliate-supply-chain-software-compromise.html,['enterprise-attack'],['defense-evasion'],['Hidden Users'],['T1564.002']
52,https://blog.trendmicro.com/trendlabs-security-intelligence/skidmap-linux-malware-uses-rootkit-capabilities-to-hide-cryptocurrency-mining-payload/,['enterprise-attack'],"['persistence', 'privilege-escalation']",['Kernel Modules and Extensions'],['T1547.006']
53,https://www.fortinet.com/blog/threat-research/analysis-of-new-agent-tesla-spyware-variant.html,['enterprise-attack'],['command-and-control'],['Non-Standard Port'],['T1571']
54,https://www.carbonblack.com/2019/03/22/tau-threat-intelligence-notification-lockergoga-ransomware/,['enterprise-attack'],['impact'],['Account Access Removal'],['T1531']
55,https://unit42.paloaltonetworks.com/born-this-way-origins-of-lockergoga/,['enterprise-attack'],"['impact', 'lateral-movement']","['Account Access Removal', 'Lateral Tool Transfer']","['T1531', 'T1570']"
56,https://researchcenter.paloaltonetworks.com/2018/01/unit42-oilrig-uses-rgdoor-iis-backdoor-targets-middle-east/,['enterprise-attack'],['persistence'],['IIS Components'],['T1505.004']
57,https://www.anomali.com/blog/pulling-linux-rabbit-rabbot-malware-out-of-a-hat,['enterprise-attack'],"['privilege-escalation', 'persistence']",['Unix Shell Configuration Modification'],['T1546.004']
58,https://securelist.com/lazarus-threatneedle/100803/,['enterprise-attack'],['defense-evasion'],['Network Boundary Bridging'],['T1599']
59,https://www.carbonblack.com/blog/tau-threat-discovery-conti-ransomware/,['enterprise-attack'],['impact'],['Data Encrypted for Impact'],['T1486']
60,https://www.fireeye.com/blog/threat-research/2017/05/wannacry-malware-profile.html,['enterprise-attack'],['impact'],"['Data Encrypted for Impact', 'Inhibit System Recovery']","['T1486', 'T1490']"
61,https://digital.nhs.uk/cyber-alerts/2020/cc-3681#summary,['enterprise-attack'],['impact'],['Data Encrypted for Impact'],['T1486']
62,https://www.us-cert.gov/ncas/alerts/TA17-181A,['enterprise-attack'],['impact'],['Data Encrypted for Impact'],['T1486']
63,https://www.us-cert.gov/ncas/alerts/AA18-337A,['enterprise-attack'],['impact'],['Data Encrypted for Impact'],['T1486']
64,https://www.carbonblack.com/2019/02/12/tau-threat-intelligence-notification-new-macos-malware-variant-of-shlayer-osx-discovered/,['enterprise-attack'],"['privilege-escalation', 'defense-evasion']","['Elevated Execution with Prompt', 'Elevated Execution with Prompt']","['T1548.004', 'T1514']"
65,https://www.clearskysec.com/wp-content/uploads/2021/01/Lebanese-Cedar-APT.pdf,['enterprise-attack'],['reconnaissance'],['Wordlist Scanning'],['T1595.003']
66,https://www.welivesecurity.com/2014/02/21/an-in-depth-analysis-of-linuxebury/,['enterprise-attack'],['lateral-movement'],['SSH Hijacking'],['T1184']
67,https://www.crowdstrike.com/blog/big-game-hunting-with-ryuk-another-lucrative-targeted-ransomware/,['enterprise-attack'],['discovery'],['System Language Discovery'],['T1614.001']
68,https://securelist.com/synack-targeted-ransomware-uses-the-doppelganging-technique/85431/,['enterprise-attack'],['discovery'],['System Language Discovery'],['T1614.001']
69,https://www.clearskysec.com/wp-content/uploads/2018/11/MuddyWater-Operations-in-Lebanon-and-Oman.pdf,['enterprise-attack'],['defense-evasion'],"['Compile After Delivery', 'Compile After Delivery']","['T1027.004', 'T1500']"
70,https://securelist.com/transparent-tribe-part-1/98127/,['enterprise-attack'],['discovery'],['System Location Discovery'],['T1614']
71,https://researchcenter.paloaltonetworks.com/2017/11/unit42-uboatrat-navigates-east-asia/,['enterprise-attack'],"['defense-evasion', 'persistence']",['BITS Jobs'],['T1197']
72,https://www.cylance.com/content/dam/cylance/pages/operation-cleaver/Cylance_Operation_Cleaver_Report.pdf,['enterprise-attack'],"['credential-access', 'collection']","['ARP Cache Poisoning', 'Password Guessing']","['T1557.002', 'T1110.001']"
73,https://www.welivesecurity.com/wp-content/uploads/2017/08/eset-gazer.pdf,['enterprise-attack'],"['privilege-escalation', 'persistence']","['Screensaver', 'Screensaver']","['T1546.002', 'T1180']"
74,https://www.secureworks.com/research/skeleton-key-malware-analysis,['enterprise-attack'],"['credential-access', 'defense-evasion', 'persistence']","['Domain Controller Authentication', 'Modify Authentication Process']","['T1556.001', 'T1556']"
75,https://www.justice.gov/file/1080281/download,['enterprise-attack'],['exfiltration'],['Transfer Data to Cloud Account'],['T1537']
76,https://www.intezer.com/blog-hiddenwasp-malware-targeting-linux-systems/,['enterprise-attack'],"['persistence', 'privilege-escalation']",['RC Scripts'],['T1037.004']
77,https://www.fireeye.com/blog/threat-research/2015/12/fin1-targets-boot-record.html,['enterprise-attack'],['defense-evasion'],['Hidden File System'],['T1564.005']
78,https://www.welivesecurity.com/wp-content/uploads/2020/05/ESET_Turla_ComRAT.pdf,['enterprise-attack'],['defense-evasion'],['Hidden File System'],['T1564.005']
79,https://us-cert.cisa.gov/ncas/analysis-reports/ar21-126a,['enterprise-attack'],['discovery'],"['Remote System Discovery', 'Network Service Discovery']","['T1018', 'T1046']"
80,https://www.fireeye.com/blog/threat-research/2017/11/ursnif-variant-malicious-tls-callback-technique.html,['enterprise-attack'],"['defense-evasion', 'privilege-escalation']",['Thread Local Storage'],['T1055.005']
81,https://research.checkpoint.com/2021/stopping-serial-killer-catching-the-next-strike/,['enterprise-attack'],"['defense-evasion', 'discovery']",['Debugger Evasion'],['T1622']
82,https://objective-see.com/blog/blog_0x60.html,['enterprise-attack'],"['defense-evasion', 'discovery']",['Debugger Evasion'],['T1622']
83,https://www.bitdefender.com/files/News/CaseStudies/study/353/Bitdefender-Whitepaper-StrongPity-APT.pdf,['enterprise-attack'],['resource-development'],['Develop Capabilities'],['T1587']
84,https://blog.talosintelligence.com/2020/06/promethium-extends-with-strongpity3.html,['enterprise-attack'],['resource-development'],['Develop Capabilities'],['T1587']
85,https://blog.talosintelligence.com/2017/06/worldwide-ransomware-variant.html,['enterprise-attack'],['impact'],['System Shutdown/Reboot'],['T1529']
86,https://www.fireeye.com/blog/threat-research/2021/04/unc2447-sombrat-and-fivehands-ransomware-sophisticated-financial-threat.html,['enterprise-attack'],['defense-evasion'],['Process Argument Spoofing'],['T1564.010']
87,https://securelist.com/project-tajmahal/90240/,['enterprise-attack'],['credential-access'],['Steal Web Session Cookie'],['T1539']
88,https://www.wired.com/images_blogs/threatlevel/2010/11/w32_stuxnet_dossier.pdf,['enterprise-attack'],"['persistence', 'privilege-escalation']",['Windows Service'],['T1543.003']
89,https://www.crowdstrike.com/blog/how-crowdstrike-falcon-protects-against-wiper-malware-used-in-ukraine-attacks/,['enterprise-attack'],"['persistence', 'privilege-escalation']",['Windows Service'],['T1543.003']
90,https://researchcenter.paloaltonetworks.com/2018/09/unit42-oilrig-targets-middle-eastern-government-adds-evasion-techniques-oopsie/,['enterprise-attack'],"['defense-evasion', 'discovery']",['System Checks'],['T1497.001']
91,https://www.welivesecurity.com/2020/05/21/no-game-over-winnti-group/,['enterprise-attack'],"['persistence', 'privilege-escalation']",['Print Processors'],['T1547.012']
92,https://news.softpedia.com/news/on-chernobyl-s-30th-anniversary-malware-shuts-down-german-nuclear-power-plant-503429.shtml,['ics-attack'],['initial-access-ics'],['Replication Through Removable Media'],['T0847']
93,https://www.langner.com/wp-content/uploads/2017/03/to-kill-a-centrifuge.pdf,['ics-attack'],"['impair-process-control', 'inhibit-response-function']",['Modify Control Logic'],['T0833']
94,https://www.fireeye.com/blog/threat-research/2017/12/attackers-deploy-new-ics-attack-framework-triton.html,['ics-attack'],"['initial-access-ics', 'lateral-movement-ics']","['Remote Services', 'Remote Services']","['T0886', 'T0886']"
95,https://www.elastic.co/blog/embracing-offensive-tooling-building-detections-against-koadic-using-eql,['enterprise-attack'],"['discovery', 'initial-access']","['Local Account', 'Spearphishing Attachment', 'Account Discovery', 'Remote System Discovery']","['T1087.001', 'T1566.001', 'T1087', 'T1018']"
96,https://arxiv.org/ftp/arxiv/papers/1408/1408.1136.pdf,['enterprise-attack'],"['command-and-control', 'exfiltration']","['Symmetric Cryptography', 'Application Layer Protocol', 'Custom Cryptographic Protocol', 'DNS', 'Multilayer Encryption', 'Standard Cryptographic Protocol', 'Protocol Tunneling', 'Mail Protocols', 'External Proxy', 'Proxy', 'Exfiltration Over Symmetric Encrypted Non-C2 Protocol', 'Web Service', 'Exfiltration Over Asymmetric Encrypted Non-C2 Protocol', 'Exfiltration Over C2 Channel', 'Multiband Communication', 'File Transfer Protocols', 'One-Way Communication', 'Exfiltration Over Alternative Protocol', 'Data Obfuscation', 'Non-Standard Port', 'Encrypted Channel', 'Bidirectional Communication', 'Asymmetric Cryptography', 'Non-Application Layer Protocol', 'Protocol Impersonation', 'Data Transfer Size Limits', 'Uncommonly Used Port', 'Data Encoding', 'Non-Standard Encoding', 'Web Protocols', 'Ingress Tool Transfer', 'Steganography', 'Fallback Channels', 'Internal Proxy', 'Custom Command and Control Protocol', 'Dead Drop Resolver', 'Junk Data', 'Commonly Used Port', 'Exfiltration Over Unencrypted Non-C2 Protocol', 'Standard Encoding']","['T1573.001', 'T1071', 'T1024', 'T1071.004', 'T1079', 'T1032', 'T1572', 'T1071.003', 'T1090.002', 'T1090', 'T1048.001', 'T1102', 'T1048.002', 'T1041', 'T1026', 'T1071.002', 'T1102.003', 'T1048', 'T1001', 'T1571', 'T1573', 'T1102.002', 'T1573.002', 'T1095', 'T1001.003', 'T1030', 'T1065', 'T1132', 'T1132.002', 'T1071.001', 'T1105', 'T1001.002', 'T1008', 'T1090.001', 'T1094', 'T1102.001', 'T1001.001', 'T1043', 'T1048.003', 'T1132.001']"
97,https://www.cyber.gov.au/sites/default/files/2019-03/spoof_email_sender_policy_framework.pdf,['enterprise-attack'],"['initial-access', 'reconnaissance']","['Spearphishing Attachment', 'Spearphishing Attachment', 'Phishing', 'Phishing for Information', 'Spearphishing Link', 'Spearphishing Link']","['T1566.001', 'T1598.002', 'T1566', 'T1598', 'T1566.002', 'T1598.003']"
98,https://pentestlab.blog/2017/04/19/stored-credentials/,['enterprise-attack'],['credential-access'],"['Credentials in Registry', 'Credentials in Registry']","['T1214', 'T1552.002']"
99,https://www.fireeye.com/blog/threat-research/2019/06/hunting-com-objects.html,['enterprise-attack'],"['execution', 'lateral-movement']","['Component Object Model', 'Dynamic Data Exchange', 'Distributed Component Object Model', 'Component Object Model and Distributed COM', 'Inter-Process Communication']","['T1559.001', 'T1559.002', 'T1021.003', 'T1175', 'T1559']"
100,https://enigma0x3.net/2017/11/16/lateral-movement-using-outlooks-createobject-method-and-dotnettojscript/,['enterprise-attack'],"['execution', 'lateral-movement']","['Component Object Model', 'Distributed Component Object Model', 'Component Object Model and Distributed COM']","['T1559.001', 'T1021.003', 'T1175']"
101,https://enigma0x3.net/2017/01/05/lateral-movement-using-the-mmc20-application-com-object/,['enterprise-attack'],"['execution', 'lateral-movement']","['Component Object Model', 'Distributed Component Object Model', 'Component Object Model and Distributed COM']","['T1559.001', 'T1021.003', 'T1175']"
102,https://www.fireeye.com/blog/threat-research/2010/07/malware-persistence-windows-registry.html,['enterprise-attack'],"['persistence', 'privilege-escalation', 'defense-evasion']",['DLL Search Order Hijacking'],['T1574.001']
103,https://www.owasp.org/index.php/Binary_planting,['enterprise-attack'],"['persistence', 'privilege-escalation', 'defense-evasion']","['DLL Search Order Hijacking', 'DLL Search Order Hijacking']","['T1574.001', 'T1038']"
104,https://www.fireeye.com/blog/threat-research/2011/06/fxsst.html,['enterprise-attack'],"['persistence', 'privilege-escalation', 'defense-evasion']",['DLL Search Order Hijacking'],['T1574.001']
105,https://www.fireeye.com/blog/threat-research/2010/08/dll-search-order-hijacking-revisited.html,['enterprise-attack'],"['persistence', 'privilege-escalation', 'defense-evasion']",['DLL Search Order Hijacking'],['T1574.001']
106,https://medium.com/rvrsh3ll/operating-with-empyre-ea764eda3363,['enterprise-attack'],['collection'],['Clipboard Data'],['T1115']
107,https://us.norton.com/internetsecurity-malware-what-is-a-botnet.html,['enterprise-attack'],['resource-development'],"['Botnet', 'Botnet']","['T1583.005', 'T1584.005']"
108,https://www.imperva.com/learn/ddos/booters-stressers-ddosers/,['enterprise-attack'],['resource-development'],"['Botnet', 'Botnet']","['T1583.005', 'T1584.005']"
109,https://krebsonsecurity.com/2017/01/who-is-anna-senpai-the-mirai-worm-author/,['enterprise-attack'],['resource-development'],['Botnet'],['T1583.005']
110,https://krebsonsecurity.com/2016/10/hackforums-shutters-booter-service-bazaar/,['enterprise-attack'],['resource-development'],['Botnet'],['T1583.005']
111,https://krebsonsecurity.com/2016/10/are-the-days-of-booter-services-numbered/,['enterprise-attack'],['resource-development'],['Botnet'],['T1583.005']
112,https://www.ise.io/casestudies/password-manager-hacking/,['enterprise-attack'],['credential-access'],['Password Managers'],['T1555.005']
113,https://www.fox-it.com/media/kadlze5c/201912_report_operation_wocao.pdf,['enterprise-attack'],['credential-access'],['Password Managers'],['T1555.005']
114,https://nvd.nist.gov/vuln/detail/CVE-2019-3610,['enterprise-attack'],['credential-access'],['Password Managers'],['T1555.005']
115,https://www.endgame.com/blog/technical-blog/ten-process-injection-techniques-technical-survey-common-and-trending-process,['enterprise-attack'],"['persistence', 'privilege-escalation', 'defense-evasion', 'credential-access', 'collection']","['AppInit DLLs', 'Process Hollowing', 'Thread Execution Hijacking', 'Application Shimming', 'Process Injection', 'AppCert DLLs', 'Extra Window Memory Injection', 'Image File Execution Options Injection', 'Hooking', 'Image File Execution Options Injection', 'Asynchronous Procedure Call', 'Application Shimming', 'AppCert DLLs', 'Portable Executable Injection', 'Process Hollowing', 'AppInit DLLs', 'Thread Local Storage', 'Dynamic-link Library Injection', 'Credential API Hooking', 'Extra Window Memory Injection']","['T1103', 'T1093', 'T1055.003', 'T1546.011', 'T1055', 'T1182', 'T1181', 'T1183', 'T1179', 'T1546.012', 'T1055.004', 'T1138', 'T1546.009', 'T1055.002', 'T1055.012', 'T1546.010', 'T1055.005', 'T1055.001', 'T1056.004', 'T1055.011']"
116,https://www.alienvault.com/blogs/labs-research/oceanlotus-for-os-x-an-application-bundle-pretending-to-be-an-adobe-flash-update,['enterprise-attack'],"['defense-evasion', 'persistence', 'privilege-escalation']","['Gatekeeper Bypass', 'Gatekeeper Bypass', 'Launch Agent', 'Launch Agent']","['T1553.001', 'T1144', 'T1543.001', 'T1159']"
117,https://eclecticlight.co/2020/10/29/quarantine-and-the-quarantine-flag/,['enterprise-attack'],['defense-evasion'],['Gatekeeper Bypass'],['T1553.001']
118,https://eclecticlight.co/2020/08/28/how-notarization-works/,['enterprise-attack'],['defense-evasion'],['Gatekeeper Bypass'],['T1553.001']
119,https://www.virusbulletin.com/uploads/pdf/conference/vb2014/VB2014-Wardle.pdf,['enterprise-attack'],"['defense-evasion', 'persistence', 'privilege-escalation', 'execution']","['Gatekeeper Bypass', 'Login Item', 'Login Item', 'Rc.common', 'Launch Daemon', 'Re-opened Applications', 'Kernel Modules and Extensions', 'Gatekeeper Bypass', 'Launchd', 'LC_MAIN Hijacking', 'Kernel Modules and Extensions', 'Dylib Hijacking', 'Event Triggered Execution', 'Local Job Scheduling', 'Local Job Scheduling', 'Startup Items', 'Launch Agent', 'RC Scripts', 'Launch Agent', 'Re-opened Applications', 'Launch Daemon', 'LC_LOAD_DYLIB Addition', 'LC_LOAD_DYLIB Addition', 'Startup Items']","['T1553.001', 'T1162', 'T1162', 'T1163', 'T1543.004', 'T1164', 'T1215', 'T1144', 'T1053.004', 'T1149', 'T1547.006', 'T1157', 'T1546', 'T1168', 'T1168', 'T1037.005', 'T1543.001', 'T1037.004', 'T1159', 'T1547.007', 'T1160', 'T1546.006', 'T1161', 'T1165']"
120,https://labs.sentinelone.com/20-common-tools-techniques-used-by-macos-threat-actors-malware/,['enterprise-attack'],"['defense-evasion', 'discovery', 'execution', 'exfiltration', 'persistence', 'privilege-escalation']","['Gatekeeper Bypass', 'System Information Discovery', 'Launchctl', 'Exfiltration Over Alternative Protocol', 'Linux and Mac File and Directory Permissions Modification', 'Cron']","['T1553.001', 'T1082', 'T1569.001', 'T1048', 'T1222.002', 'T1053.003']"
121,https://derflounder.wordpress.com/2012/11/20/clearing-the-quarantine-extended-attribute-from-downloaded-applications/,['enterprise-attack'],['defense-evasion'],"['Gatekeeper Bypass', 'Gatekeeper Bypass']","['T1553.001', 'T1144']"
122,https://www.fireeye.com/blog/threat-research/2012/12/council-foreign-relations-water-hole-attack-details.html,['enterprise-attack'],"['resource-development', 'persistence', 'privilege-escalation']","['Drive-by Target', 'Active Setup', 'Stage Capabilities']","['T1608.004', 'T1547.014', 'T1608']"
123,http://arstechnica.com/security/2015/08/newly-discovered-chinese-hacking-group-hacked-100-websites-to-use-as-watering-holes/,['enterprise-attack'],['resource-development'],"['Drive-by Target', 'Stage Capabilities']","['T1608.004', 'T1608']"
124,https://cybersecurity.att.com/blogs/labs-research/scanbox-a-reconnaissance-framework-used-on-watering-hole-attacks,['enterprise-attack'],"['resource-development', 'reconnaissance']","['Drive-by Target', 'Hardware', 'Client Configurations', 'Stage Capabilities', 'Software', 'Credentials', 'Gather Victim Host Information']","['T1608.004', 'T1592.001', 'T1592.004', 'T1608', 'T1592.002', 'T1589.001', 'T1592']"
125,https://posts.specterops.io/through-the-looking-glass-part-1-f539ae308512,['enterprise-attack'],"['credential-access', 'discovery']",['Network Sniffing'],['T1040']
126,https://rhinosecuritylabs.com/aws/abusing-vpc-traffic-mirroring-in-aws/,['enterprise-attack'],"['credential-access', 'discovery']",['Network Sniffing'],['T1040']
127,https://securelist.com/why-you-shouldnt-completely-trust-files-signed-with-digital-certificates/68593/,['enterprise-attack'],['defense-evasion'],"['Code Signing', 'Code Signing', 'Subvert Trust Controls']","['T1553.002', 'T1116', 'T1553']"
128,http://www.symantec.com/connect/blogs/how-attackers-steal-private-keys-digital-certificates,['enterprise-attack'],['defense-evasion'],"['Code Signing', 'Code Signing', 'Subvert Trust Controls']","['T1553.002', 'T1116', 'T1553']"
129,https://content.fireeye.com/apt/rpt-apt38,['enterprise-attack'],['impact'],"['Runtime Data Manipulation', 'Stored Data Manipulation', 'Runtime Data Manipulation', 'Transmitted Data Manipulation', 'Transmitted Data Manipulation', 'Stored Data Manipulation']","['T1565.003', 'T1565.001', 'T1494', 'T1493', 'T1565.002', 'T1492']"
130,https://www.justice.gov/opa/press-release/file/1092091/download,['enterprise-attack'],['impact'],"['Runtime Data Manipulation', 'Stored Data Manipulation', 'Disk Content Wipe', 'Runtime Data Manipulation', 'Transmitted Data Manipulation', 'Transmitted Data Manipulation', 'Disk Content Wipe', 'Stored Data Manipulation']","['T1565.003', 'T1565.001', 'T1488', 'T1494', 'T1493', 'T1565.002', 'T1561.001', 'T1492']"
131,https://linuxhint.com/list-usb-devices-linux/,['enterprise-attack'],['discovery'],['Peripheral Device Discovery'],['T1120']
132,https://ss64.com/osx/system_profiler.html,['enterprise-attack'],['discovery'],['Peripheral Device Discovery'],['T1120']
133,https://dnsdumpster.com/,['enterprise-attack'],['reconnaissance'],"['Network Topology', 'DNS/Passive DNS', 'Search Open Technical Databases', 'Gather Victim Network Information', 'Domain Properties', 'IP Addresses', 'DNS']","['T1590.004', 'T1596.001', 'T1596', 'T1590', 'T1590.001', 'T1590.005', 'T1590.002']"
134,https://www.hybrid-analysis.com/sample/ef0d2628823e8e0a0de3b08b8eacaf41cf284c086a948bdfd67f4e4373c14e4d?environmentId=100,['enterprise-attack'],['defense-evasion'],"['Windows File and Directory Permissions Modification', 'File and Directory Permissions Modification', 'Linux and Mac File and Directory Permissions Modification']","['T1222.001', 'T1222', 'T1222.002']"
135,https://www.hybrid-analysis.com/sample/22dab012c3e20e3d9291bce14a2bfc448036d3b966c6e78167f4626f5f9e38d6?environmentId=110,['enterprise-attack'],['defense-evasion'],"['Windows File and Directory Permissions Modification', 'File and Directory Permissions Modification', 'Linux and Mac File and Directory Permissions Modification']","['T1222.001', 'T1222', 'T1222.002']"
136,https://www.eventtracker.com/tech-articles/monitoring-file-permission-changes-windows-security-log/,['enterprise-attack'],['defense-evasion'],"['Windows File and Directory Permissions Modification', 'File and Directory Permissions Modification']","['T1222.001', 'T1222']"
137,https://labs.mwrinfosecurity.com/blog/add-in-opportunities-for-office-persistence/,['enterprise-attack'],['persistence'],['Add-ins'],['T1137.006']
138,https://summit.fireeye.com/content/dam/fireeye-www/summit/cds-2018/presentations/cds18-technical-s03-youve-got-mail.pdf,['enterprise-attack'],['persistence'],['Add-ins'],['T1137.006']
139,https://www.221bluestreet.com/post/office-templates-and-globaldotname-a-stealthy-office-persistence-technique,['enterprise-attack'],['persistence'],"['Add-ins', 'Office Template Macros']","['T1137.006', 'T1137.001']"
140,https://www.sentinelone.com/blog/trail-osx-fairytale-adware-playing-malware/,['enterprise-attack'],['discovery'],['System Information Discovery'],['T1082']
141,https://www.us-cert.gov/ncas/alerts/TA18-106A,['enterprise-attack'],"['discovery', 'defense-evasion', 'collection', 'credential-access', 'exfiltration']","['System Information Discovery', 'Clear Command History', 'Data from Local System', 'Password Cracking', 'System Network Configuration Discovery', 'File and Directory Discovery', 'Traffic Duplication', 'System Network Connections Discovery', 'Password Policy Discovery', 'Remote System Discovery', 'SNMP (MIB Dump)', 'Data from Configuration Repository']","['T1082', 'T1070.003', 'T1005', 'T1110.002', 'T1016', 'T1083', 'T1020.001', 'T1049', 'T1201', 'T1018', 'T1602.001', 'T1602']"
142,https://content.fireeye.com/m-trends/rpt-m-trends-2020,['enterprise-attack'],"['collection', 'defense-evasion', 'discovery']","['Remote Data Staging', 'Modify Cloud Compute Infrastructure', 'Cloud Infrastructure Discovery', 'Delete Cloud Instance', 'Data Staged', 'Create Cloud Instance', 'Create Snapshot']","['T1074.002', 'T1578', 'T1580', 'T1578.003', 'T1074', 'T1578.002', 'T1578.001']"
143,https://www.proofpoint.com/us/blog/threat-insight/serpent-no-swiping-new-backdoor-targets-french-entities-unique-attack-chain,['enterprise-attack'],"['execution', 'persistence', 'privilege-escalation']","['Scheduled Task/Job', 'Scheduled Task']","['T1053', 'T1053.005']"
144,https://blog.trendmicro.com/trendlabs-security-intelligence/attack-using-windows-installer-msiexec-exe-leads-lokibot/,['enterprise-attack'],['defense-evasion'],['Msiexec'],['T1218.007']
145,https://blog.malwarebytes.com/threat-analysis/2017/04/new-osx-dok-malware-intercepts-web-traffic/,['enterprise-attack'],"['persistence', 'privilege-escalation', 'defense-evasion']","['Login Item', 'Sudo', 'Launch Agent', 'Launch Agent', 'Sudo and Sudo Caching']","['T1162', 'T1169', 'T1543.001', 'T1159', 'T1548.003']"
146,https://www.slideshare.net/rootedcon/carlos-garca-pentesting-active-directory-forests-rooted2019,['enterprise-attack'],['reconnaissance'],['Network Trust Dependencies'],['T1590.003']
147,https://blog.cloudflare.com/reflections-on-reflections/,['enterprise-attack'],['impact'],['Reflection Amplification'],['T1498.002']
148,https://www.cloudflare.com/learning/ddos/dns-amplification-ddos-attack/,['enterprise-attack'],['impact'],['Reflection Amplification'],['T1498.002']
149,https://www.cloudflare.com/learning/ddos/ntp-amplification-ddos-attack/,['enterprise-attack'],['impact'],['Reflection Amplification'],['T1498.002']
150,https://pages.arbornetworks.com/rs/082-KNA-087/images/13th_Worldwide_Infrastructure_Security_Report.pdf,['enterprise-attack'],['impact'],"['Reflection Amplification', 'Service Exhaustion Flood', 'Application Exhaustion Flood', 'OS Exhaustion Flood']","['T1498.002', 'T1499.002', 'T1499.003', 'T1499.001']"
151,https://blog.cloudflare.com/memcrashed-major-amplification-attacks-from-port-11211/,['enterprise-attack'],['impact'],['Reflection Amplification'],['T1498.002']
152,https://www.cisco.com/c/en/us/td/docs/ios-xml/ios/netflow/configuration/15-mt/nf-15-mt-book/nf-detct-analy-thrts.pdf,['enterprise-attack'],['impact'],"['Reflection Amplification', 'Service Exhaustion Flood', 'Application Exhaustion Flood', 'Endpoint Denial of Service', 'Network Denial of Service', 'Direct Network Flood', 'OS Exhaustion Flood']","['T1498.002', 'T1499.002', 'T1499.003', 'T1499', 'T1498', 'T1498.001', 'T1499.001']"
153,http://carnal0wnage.attackresearch.com/2013/09/stealing-passwords-every-time-they.html,['enterprise-attack'],"['credential-access', 'defense-evasion', 'persistence']","['Password Filter DLL', 'Password Filter DLL']","['T1556.002', 'T1174']"
154,https://clymb3r.wordpress.com/2013/09/15/intercepting-password-changes-with-function-hooking/,['enterprise-attack'],"['credential-access', 'defense-evasion', 'persistence']","['Password Filter DLL', 'Password Filter DLL', 'Modify Authentication Process']","['T1556.002', 'T1174', 'T1556']"
155,https://twitter.com/james_inthe_box/status/1150495335812177920,['enterprise-attack'],['persistence'],['Terminal Services DLL'],['T1505.005']
156,http://woshub.com/how-to-allow-multiple-rdp-sessions-in-windows-10/,['enterprise-attack'],['persistence'],['Terminal Services DLL'],['T1505.005']
157,https://www.mcafee.com/blogs/other-blogs/mcafee-labs/macro-malware-targets-macs/,['enterprise-attack'],['execution'],"['AppleScript', 'AppleScript']","['T1059.002', 'T1155']"
158,https://www.ghacks.net/2017/09/19/first-chrome-extension-with-javascript-crypto-miner-detected/,['enterprise-attack'],['persistence'],['Browser Extensions'],['T1176']
159,https://www.xorrior.com/No-Place-Like-Chrome/,['enterprise-attack'],['persistence'],['Browser Extensions'],['T1176']
160,https://developer.chrome.com/extensions,['enterprise-attack'],['persistence'],['Browser Extensions'],['T1176']
161,https://www.icebrg.io/blog/malicious-chrome-extensions-enable-criminals-to-impact-over-half-a-million-users-and-global-businesses,['enterprise-attack'],"['persistence', 'collection']","['Browser Extensions', 'Browser Session Hijacking']","['T1176', 'T1185']"
162,https://kjaer.io/extension-malware/,['enterprise-attack'],['persistence'],['Browser Extensions'],['T1176']
163,https://www.welivesecurity.com/2017/07/20/stantinko-massive-adware-campaign-operating-covertly-since-2012/,['enterprise-attack'],['persistence'],['Browser Extensions'],['T1176']
164,https://www.netscout.com/blog/asert/ddos-attacks-ssl-something-old-something-new,['enterprise-attack'],['impact'],['Service Exhaustion Flood'],['T1499.002']
165,https://www.cloudflare.com/learning/ddos/http-flood-ddos-attack/,['enterprise-attack'],['impact'],['Service Exhaustion Flood'],['T1499.002']
166,https://outflank.nl/blog/2019/06/19/red-team-tactics-combining-direct-system-calls-and-srdi-to-bypass-av-edr/,['enterprise-attack'],"['execution', 'defense-evasion']","['Native API', 'Disable or Modify Tools']","['T1106', 'T1562.001']"
167,https://www.gnu.org/software/libc/manual/html_node/Creating-a-Process.html,['enterprise-attack'],['execution'],['Native API'],['T1106']
168,https://www.cyberbit.com/blog/endpoint-security/malware-mitigation-when-direct-system-calls-are-used/,['enterprise-attack'],['execution'],['Native API'],['T1106']
169,https://www.gnu.org/software/libc/,['enterprise-attack'],['execution'],['Native API'],['T1106']
170,https://man7.org/linux/man-pages//man7/libc.7.html,['enterprise-attack'],['execution'],['Native API'],['T1106']
171,https://www.kernel.org/doc/html/v4.12/core-api/kernel-api.html,['enterprise-attack'],['execution'],['Native API'],['T1106']
172,https://www.mdsec.co.uk/2020/12/bypassing-user-mode-hooks-and-direct-invocation-of-system-calls-for-red-teams/,['enterprise-attack'],"['execution', 'defense-evasion']","['Native API', 'Disable or Modify Tools']","['T1106', 'T1562.001']"
173,https://undocumented.ntinternals.net/,['enterprise-attack'],['execution'],['Native API'],['T1106']
174,http://www.harmj0y.net/blog/activedirectory/roasting-as-reps/,['enterprise-attack'],['credential-access'],['AS-REP Roasting'],['T1558.004']
175,https://blog.stealthbits.com/cracking-active-directory-passwords-with-as-rep-roasting/,['enterprise-attack'],['credential-access'],['AS-REP Roasting'],['T1558.004']
176,https://redsiege.com/kerberoast-slides,['enterprise-attack'],['credential-access'],"['AS-REP Roasting', 'Kerberoasting', 'Kerberoasting']","['T1558.004', 'T1208', 'T1558.003']"
177,https://adsecurity.org/?p=2293,['enterprise-attack'],['credential-access'],"['AS-REP Roasting', 'Steal or Forge Kerberos Tickets', 'Kerberoasting', 'Kerberoasting']","['T1558.004', 'T1558', 'T1208', 'T1558.003']"
178,https://trustedsignal.blogspot.com/2014/05/kansa-service-related-collectors-and.html,['enterprise-attack'],"['persistence', 'privilege-escalation', 'defense-evasion']","['Service Registry Permissions Weakness', 'Services Registry Permissions Weakness']","['T1058', 'T1574.011']"
179,https://twitter.com/r0wdy_/status/936365549553991680,['enterprise-attack'],"['persistence', 'privilege-escalation', 'defense-evasion']","['Service Registry Permissions Weakness', 'Services Registry Permissions Weakness', 'Modify Existing Service']","['T1058', 'T1574.011', 'T1031']"
180,https://media.defense.gov/2019/Oct/18/2002197242/-1/-1/0/NSA_CSA_Turla_20191021%20ver%204%20-%20nsa.gov.pdf,['enterprise-attack'],['resource-development'],"['Virtual Private Server', 'Compromise Infrastructure']","['T1584.003', 'T1584']"
181,https://threatconnect.com/blog/infrastructure-research-hunting/,['enterprise-attack'],"['resource-development', 'reconnaissance']","['Virtual Private Server', 'Hardware', 'Domains', 'Server', 'Client Configurations', 'Virtual Private Server', 'Compromise Infrastructure', 'Web Services', 'Web Services', 'Software', 'Server', 'Gather Victim Host Information', 'Acquire Infrastructure']","['T1584.003', 'T1592.001', 'T1583.001', 'T1583.004', 'T1592.004', 'T1583.003', 'T1584', 'T1583.006', 'T1584.006', 'T1592.002', 'T1584.004', 'T1592', 'T1583']"
182,https://www.mandiant.com/resources/scandalous-external-detection-using-network-scan-data-and-automation,['enterprise-attack'],['resource-development'],"['Virtual Private Server', 'Server', 'Virtual Private Server', 'Compromise Infrastructure', 'Server', 'Acquire Infrastructure']","['T1584.003', 'T1583.004', 'T1583.003', 'T1584', 'T1584.004', 'T1583']"
183,https://michaelkoczwara.medium.com/cobalt-strike-c2-hunting-with-shodan-c448d501a6e2,['enterprise-attack'],['resource-development'],"['Virtual Private Server', 'Server', 'Virtual Private Server', 'Compromise Infrastructure', 'Server', 'Acquire Infrastructure']","['T1584.003', 'T1583.004', 'T1583.003', 'T1584', 'T1584.004', 'T1583']"
184,https://community.cisco.com/t5/security-blogs/attackers-continue-to-target-legacy-devices/ba-p/4169954,['enterprise-attack'],"['defense-evasion', 'initial-access', 'persistence', 'command-and-control', 'collection', 'exfiltration', 'credential-access']","['Reduce Key Space', 'Exploit Public-Facing Application', 'Weaken Encryption', 'Traffic Signaling', 'Network Device Configuration Dump', 'Traffic Duplication', 'Disable Crypto Hardware', 'ROMMONkit', 'Non-Application Layer Protocol', 'SNMP (MIB Dump)', 'Keylogging', 'TFTP Boot']","['T1600.001', 'T1190', 'T1600', 'T1205', 'T1602.002', 'T1020.001', 'T1600.002', 'T1542.004', 'T1095', 'T1602.001', 'T1056.001', 'T1542.005']"
185,https://community.sophos.com/products/intercept/early-access-program/f/live-discover-response-queries/121529/live-discover---powershell-command-audit,['enterprise-attack'],['defense-evasion'],"['Clear Command History', 'Impair Command History Logging']","['T1070.003', 'T1562.003']"
186,https://community.sophos.com/products/malware/b/blog/posts/powershell-command-history-forensics,['enterprise-attack'],['defense-evasion'],"['Clear Command History', 'Impair Command History Logging']","['T1070.003', 'T1562.003']"
187,https://twitter.com/Evi1cg/status/935027922397573120,['enterprise-attack'],['defense-evasion'],['Indirect Command Execution'],['T1202']
188,https://community.rsa.com/community/products/netwitness/blog/2017/08/14/are-you-looking-out-for-forfilesexe-if-you-are-watching-for-cmdexe,['enterprise-attack'],['defense-evasion'],['Indirect Command Execution'],['T1202']
189,https://twitter.com/vector_sec/status/896049052642533376,['enterprise-attack'],['defense-evasion'],['Indirect Command Execution'],['T1202']
190,https://blog.f-secure.com/wp-content/uploads/2019/10/CosmicDuke.pdf,['enterprise-attack'],['command-and-control'],['Custom Cryptographic Protocol'],['T1024']
191,https://www.fidelissecurity.com/sites/default/files/FTA_1018_looking_at_the_sky_for_a_dark_comet.pdf,['enterprise-attack'],['command-and-control'],"['Custom Cryptographic Protocol', 'Multilayer Encryption', 'Standard Cryptographic Protocol']","['T1024', 'T1079', 'T1032']"
192,https://www.mandiant.com/resources/apt41-initiates-global-intrusion-campaign-using-multiple-exploits,['enterprise-attack'],"['collection', 'discovery']","['Data from Local System', 'System Network Configuration Discovery']","['T1005', 'T1016']"
193,https://blog.malwarebytes.com/cybercrime/social-engineering-cybercrime/2017/03/new-targeted-attack-saudi-arabia-government/,['enterprise-attack'],['defense-evasion'],['Deobfuscate/Decode Files or Information'],['T1140']
194,https://www.carbonblack.com/2016/09/23/security-advisory-variants-well-known-adware-families-discovered-include-sophisticated-obfuscation-techniques-previously-associated-nation-state-attacks/,['enterprise-attack'],['defense-evasion'],"['Deobfuscate/Decode Files or Information', 'Obfuscated Files or Information']","['T1140', 'T1027']"
195,https://silentbreaksecurity.com/malicious-outlook-rules/,['enterprise-attack'],['persistence'],['Outlook Rules'],['T1137.005']
196,https://arstechnica.com/tech-policy/2011/02/anonymous-speaks-the-inside-story-of-the-hbgary-hack/,['enterprise-attack'],['resource-development'],"['Email Accounts', 'Compromise Accounts', 'Social Media Accounts']","['T1586.002', 'T1586', 'T1586.001']"
197,https://www.volexity.com/blog/2020/11/06/oceanlotus-extending-cyber-espionage-operations-through-fake-websites/,['enterprise-attack'],['resource-development'],"['Upload Malware', 'Stage Capabilities']","['T1608.001', 'T1608']"
198,https://blog.avast.com/new-investigations-in-ccleaner-incident-point-to-a-possible-third-stage-that-had-keylogger-capacities,['enterprise-attack'],['initial-access'],"['Supply Chain Compromise', 'Compromise Software Supply Chain']","['T1195', 'T1195.002']"
199,https://www.commandfive.com/papers/C5_APT_SKHack.pdf,['enterprise-attack'],['initial-access'],"['Supply Chain Compromise', 'Compromise Software Supply Chain']","['T1195', 'T1195.002']"
200,https://www-01.ibm.com/support/docview.wss?uid=ssg1S1010146&myns=s028&mynp=OCSTHGUJ&mynp=OCSTLM5A&mynp=OCSTLM6B&mynp=OCHW206&mync=E&cm_sp=s028-_-OCSTHGUJ-OCSTLM5A-OCSTLM6B-OCHW206-_-E,['enterprise-attack'],['initial-access'],['Supply Chain Compromise'],['T1195']
201,https://www.se.com/ww/en/download/document/SESN-2018-236-01/,['enterprise-attack'],['initial-access'],['Supply Chain Compromise'],['T1195']
202,https://www.trendmicro.com/vinfo/dk/security/news/cybercrime-and-digital-threats/hacker-infects-node-js-package-to-steal-from-bitcoin-wallets,['enterprise-attack'],['initial-access'],"['Supply Chain Compromise', 'Compromise Software Dependencies and Development Tools']","['T1195', 'T1195.001']"
203,https://nvd.nist.gov/vuln/detail/CVE-2016-6662,['enterprise-attack'],"['initial-access', 'lateral-movement']","['Exploit Public-Facing Application', 'Exploitation of Remote Services']","['T1190', 'T1210']"
204,https://nvd.nist.gov/vuln/detail/CVE-2014-7169,['enterprise-attack'],"['initial-access', 'lateral-movement']","['Exploit Public-Facing Application', 'Exploitation of Remote Services']","['T1190', 'T1210']"
205,https://www.owasp.org/index.php/Category:OWASP_Top_Ten_Project,['enterprise-attack'],['initial-access'],['Exploit Public-Facing Application'],['T1190']
206,https://us-cert.cisa.gov/ncas/alerts/TA18-106A,['enterprise-attack'],"['initial-access', 'collection']","['Exploit Public-Facing Application', 'Network Device Configuration Dump']","['T1190', 'T1602.002']"
207,https://adsecurity.org/?p=227,['enterprise-attack'],['credential-access'],['Steal or Forge Kerberos Tickets'],['T1558']
208,https://web.mit.edu/kerberos/krb5-1.12/doc/basic/ccache_def.html,['enterprise-attack'],['credential-access'],['Steal or Forge Kerberos Tickets'],['T1558']
209,https://www.fireeye.com/blog/threat-research/2020/04/kerberos-tickets-on-linux-red-teams.html,['enterprise-attack'],['credential-access'],['Steal or Forge Kerberos Tickets'],['T1558']
210,https://labs.portcullis.co.uk/download/eu-18-Wadhwa-Brown-Where-2-worlds-collide-Bringing-Mimikatz-et-al-to-UNIX.pdf,['enterprise-attack'],['credential-access'],['Steal or Forge Kerberos Tickets'],['T1558']
211,https://posts.specterops.io/when-kirbi-walks-the-bifrost-4c727807744f,['enterprise-attack'],['credential-access'],['Steal or Forge Kerberos Tickets'],['T1558']
212,http://web.mit.edu/macdev/KfM/Common/Documentation/preferences.html,['enterprise-attack'],['credential-access'],['Steal or Forge Kerberos Tickets'],['T1558']
213,https://adsecurity.org/?p=1515,['enterprise-attack'],['credential-access'],"['Steal or Forge Kerberos Tickets', 'Golden Ticket', 'Exploitation for Credential Access', 'Silver Ticket']","['T1558', 'T1558.001', 'T1212', 'T1558.002']"
214,https://blog.stealthbits.com/detect-pass-the-ticket-attacks,['enterprise-attack'],['credential-access'],"['Steal or Forge Kerberos Tickets', 'Golden Ticket']","['T1558', 'T1558.001']"
215,https://cert.europa.eu/static/WhitePapers/UPDATED%20-%20CERT-EU_Security_Whitepaper_2014-007_Kerberos_Golden_Ticket_Protection_v1_4.pdf,['enterprise-attack'],"['credential-access', 'defense-evasion', 'lateral-movement']","['Steal or Forge Kerberos Tickets', 'Golden Ticket', 'Pass the Ticket', 'Pass the Ticket']","['T1558', 'T1558.001', 'T1550.003', 'T1097']"
216,https://medium.com/threatpunter/detecting-attempts-to-steal-passwords-from-memory-558f16dce4ea,['enterprise-attack'],['credential-access'],"['Steal or Forge Kerberos Tickets', 'LSASS Memory', 'Silver Ticket', 'OS Credential Dumping']","['T1558', 'T1003.001', 'T1558.002', 'T1003']"
217,https://go.crowdstrike.com/rs/281-OBQ-266/images/15GlobalThreatReport.pdf,['enterprise-attack'],['command-and-control'],['Remote Access Software'],['T1219']
218,https://blog.crysys.hu/2013/03/teamspy/,['enterprise-attack'],['command-and-control'],['Remote Access Software'],['T1219']
219,https://www.symantec.com/content/dam/symantec/docs/security-center/white-papers/istr-living-off-the-land-and-fileless-attack-techniques-en.pdf,['enterprise-attack'],['command-and-control'],['Remote Access Software'],['T1219']
220,https://kubernetes.io/docs/reference/access-authn-authz/authorization/,['enterprise-attack'],['discovery'],['Permission Groups Discovery'],['T1069']
221,https://www.whois.net/,['enterprise-attack'],['reconnaissance'],"['WHOIS', 'Search Open Technical Databases', 'Gather Victim Network Information', 'Domain Properties', 'IP Addresses']","['T1596.002', 'T1596', 'T1590', 'T1590.001', 'T1590.005']"
222,http://www.uefi.org/about,['enterprise-attack'],"['persistence', 'defense-evasion']","['System Firmware', 'System Firmware']","['T1542.001', 'T1019']"
223,https://securingtomorrow.mcafee.com/business/chipsec-support-vault-7-disclosure-scanning/,['enterprise-attack'],"['persistence', 'defense-evasion']","['System Firmware', 'System Firmware']","['T1542.001', 'T1019']"
224,http://www.intelsecurity.com/advanced-threat-research/content/data/HT-UEFI-rootkit.html,['enterprise-attack'],"['persistence', 'defense-evasion']","['System Firmware', 'System Firmware']","['T1542.001', 'T1019']"
225,https://www.comparitech.com/blog/vpn-privacy/350-million-customer-records-exposed-online/,['enterprise-attack'],['reconnaissance'],['Search Victim-Owned Websites'],['T1594']
226,https://www.bleepingcomputer.com/tutorials/how-malware-hides-as-a-service/,['enterprise-attack'],"['persistence', 'privilege-escalation', 'defense-evasion']",['Services Registry Permissions Weakness'],['T1574.011']
227,https://www.trendmicro.com/vinfo/us/threat-encyclopedia/malware/troj_zegost,['enterprise-attack'],"['persistence', 'privilege-escalation', 'defense-evasion']",['Services Registry Permissions Weakness'],['T1574.011']
228,https://www.circl.lu/services/passive-dns/,['enterprise-attack'],['reconnaissance'],"['DNS/Passive DNS', 'Search Open Technical Databases', 'Gather Victim Network Information', 'Domain Properties', 'IP Addresses', 'DNS']","['T1596.001', 'T1596', 'T1590', 'T1590.001', 'T1590.005', 'T1590.002']"
229,https://threatpost.com/final-report-diginotar-hack-shows-total-compromise-ca-servers-103112/77170/,['enterprise-attack'],['resource-development'],"['Digital Certificates', 'Obtain Capabilities']","['T1588.004', 'T1588']"
230,https://letsencrypt.org/docs/faq/,['enterprise-attack'],['resource-development'],['Digital Certificates'],['T1588.004']
231,https://www.splunk.com/en_us/blog/security/tall-tales-of-hunting-with-tls-ssl-certificates.html,['enterprise-attack'],['resource-development'],"['Digital Certificates', 'Digital Certificates', 'Install Digital Certificate', 'Obtain Capabilities', 'Develop Capabilities']","['T1588.004', 'T1587.003', 'T1608.003', 'T1588', 'T1587']"
232,https://www.recordedfuture.com/cobalt-strike-servers/,['enterprise-attack'],['resource-development'],"['Digital Certificates', 'Obtain Capabilities']","['T1588.004', 'T1588']"
233,https://unit42.paloaltonetworks.com/dns-tunneling-how-dns-can-be-abused-by-malicious-actors/,['enterprise-attack'],['resource-development'],['DNS Server'],['T1583.002']
234,https://operationblockbuster.com/wp-content/uploads/2016/02/Operation-Blockbuster-Destructive-Malware-Report.pdf,['enterprise-attack'],['impact'],"['Disk Wipe', 'Internal Defacement', 'Disk Content Wipe', 'Disk Content Wipe']","['T1561', 'T1491.001', 'T1488', 'T1561.001']"
235,https://www.paloaltonetworks.com/cyberpedia/what-is-dns-tunneling,['enterprise-attack'],['command-and-control'],['DNS'],['T1071.004']
236,https://medium.com/@galolbardes/learn-how-easy-is-to-bypass-firewalls-using-dns-tunneling-and-also-how-to-block-it-3ed652f4a000,['enterprise-attack'],['command-and-control'],['DNS'],['T1071.004']
237,https://krebsonsecurity.com/2019/08/what-we-can-learn-from-the-capital-one-hack/,['enterprise-attack'],['credential-access'],['Cloud Instance Metadata API'],['T1552.005']
238,https://redlock.io/blog/instance-metadata-api-a-modern-day-trojan-horse,['enterprise-attack'],['credential-access'],"['Cloud Instance Metadata API', 'Cloud Instance Metadata API']","['T1552.005', 'T1522']"
239,http://juusosalonen.com/post/30923743427/breaking-into-the-os-x-keychain,['enterprise-attack'],['credential-access'],"['Securityd Memory', 'Securityd Memory']","['T1555.002', 'T1167']"
240,http://www.slideshare.net/StephanBorosh/external-to-da-the-os-x-way,['enterprise-attack'],['credential-access'],"['Securityd Memory', 'Keychain', 'Bash History', 'Bash History', 'Keychain', 'Securityd Memory']","['T1555.002', 'T1555.001', 'T1139', 'T1552.003', 'T1142', 'T1167']"
241,https://adsecurity.org/?p=2716,['enterprise-attack'],"['discovery', 'defense-evasion', 'privilege-escalation']","['Group Policy Discovery', 'Group Policy Modification', 'Domain Policy Modification']","['T1615', 'T1484.001', 'T1484']"
242,http://www.symantec.com/connect/blogs/are-mbr-infections-back-fashion,['enterprise-attack'],"['persistence', 'defense-evasion']","['Bootkit', 'Bootkit']","['T1542.003', 'T1067']"
243,https://cybersecurity.att.com/blogs/labs-research/lazarus-campaign-ttps-and-evolution,['enterprise-attack'],['defense-evasion'],['Mavinject'],['T1218.013']
244,https://posts.specterops.io/mavinject-exe-functionality-deconstructed-c29ab2cf5c0e,['enterprise-attack'],['defense-evasion'],['Mavinject'],['T1218.013']
245,http://www.autosectools.com/process-hollowing.pdf,['enterprise-attack'],"['defense-evasion', 'privilege-escalation']","['Process Hollowing', 'Process Hollowing']","['T1093', 'T1055.012']"
246,https://twitter.com/ItsReallyNick/status/1055321652777619457,['enterprise-attack'],['defense-evasion'],"['Match Legitimate Name or Location', 'Masquerading', 'Rename System Utilities']","['T1036.005', 'T1036', 'T1036.003']"
247,http://pages.endgame.com/rs/627-YBU-612/images/EndgameJournal_The%20Masquerade%20Ball_Pages_R2.pdf,['enterprise-attack'],['defense-evasion'],"['Match Legitimate Name or Location', 'Masquerading', 'Rename System Utilities']","['T1036.005', 'T1036', 'T1036.003']"
248,http://www.icir.org/vern/papers/meek-PETS-2015.pdf,['enterprise-attack'],['command-and-control'],"['Domain Fronting', 'Domain Fronting']","['T1172', 'T1090.004']"
249,https://adsecurity.org/?p=1772,['enterprise-attack'],"['privilege-escalation', 'defense-evasion']","['SID-History Injection', 'SID-History Injection']","['T1178', 'T1134.005']"
250,https://practical365.com/clients/office-365-proplus/outlook-cached-mode-ost-file-sizes/,['enterprise-attack'],['collection'],['Local Email Collection'],['T1114.001']
251,https://www.netmeister.org/blog/keychain-passwords.html,['enterprise-attack'],['credential-access'],['Keychain'],['T1555.001']
252,https://blog.cylance.com/windows-registry-persistence-part-2-the-run-keys-and-search-order,['enterprise-attack'],"['persistence', 'privilege-escalation']","['Boot or Logon Autostart Execution', 'Winlogon Helper DLL', 'Winlogon Helper DLL']","['T1547', 'T1004', 'T1547.004']"
253,https://www.tldp.org/LDP/lkmpg/2.4/lkmpg.pdf,['enterprise-attack'],"['persistence', 'privilege-escalation']","['Boot or Logon Autostart Execution', 'Kernel Modules and Extensions', 'Kernel Modules and Extensions']","['T1547', 'T1215', 'T1547.006']"
254,https://www.passcape.com/index.php?section=docsys&cmd=details&id=23,['enterprise-attack'],['credential-access'],['LSA Secrets'],['T1003.004']
255,https://www.first.org/resources/papers/conf2017/Windows-Credentials-Attacks-and-Mitigation-Techniques.pdf,['enterprise-attack'],['credential-access'],['LSA Secrets'],['T1003.004']
256,https://ired.team/offensive-security/credential-access-and-credential-dumping/dumping-lsa-secrets,['enterprise-attack'],['credential-access'],['LSA Secrets'],['T1003.004']
257,https://www.defcon.org/images/defcon-22/dc-22-presentations/Bloxham/DEFCON-22-Brady-Bloxham-Windows-API-Abuse-UPDATED.pdf,['enterprise-attack'],"['persistence', 'privilege-escalation']","['Port Monitors', 'Port Monitors']","['T1013', 'T1547.010']"
258,https://www.cyberark.com/resources/threat-research-blog/golden-saml-newly-discovered-attack-technique-forges-authentication-to-cloud-apps,['enterprise-attack'],['credential-access'],['SAML Tokens'],['T1606.002']
259,https://www.sygnia.co/golden-saml-advisory,['enterprise-attack'],"['credential-access', 'defense-evasion', 'privilege-escalation']","['SAML Tokens', 'Domain Trust Modification', 'Domain Policy Modification']","['T1606.002', 'T1484.002', 'T1484']"
260,https://blog.trendmicro.com/trendlabs-security-intelligence/pawn-storm-abuses-open-authentication-advanced-social-engineering-attacks,['enterprise-attack'],"['initial-access', 'credential-access']","['Spearphishing Link', 'Steal Application Access Token', 'Spearphishing Link']","['T1192', 'T1528', 'T1566.002']"
261,https://www.operationblockbuster.com/wp-content/uploads/2016/02/Operation-Blockbuster-Report.pdf,['enterprise-attack'],['impact'],"['Service Stop', 'Internal Defacement', 'Disk Content Wipe', 'Disk Content Wipe']","['T1489', 'T1491.001', 'T1488', 'T1561.001']"
262,https://arstechnica.com/information-technology/2014/06/active-malware-operation-let-attackers-sabotage-us-energy-industry/,['enterprise-attack'],['resource-development'],['Malware'],['T1587.001']
263,https://therecord.media/fbi-fin7-hackers-target-us-companies-with-badusb-devices-to-install-ransomware/,['enterprise-attack'],['resource-development'],['Malware'],['T1587.001']
264,https://www.sudo.ws/,['enterprise-attack'],"['privilege-escalation', 'defense-evasion']","['Sudo Caching', 'Sudo and Sudo Caching']","['T1206', 'T1548.003']"
265,https://www.cybereason.com/blog/labs-proton-b-what-this-mac-malware-actually-does,['enterprise-attack'],"['privilege-escalation', 'defense-evasion']","['Sudo Caching', 'Sudo and Sudo Caching']","['T1206', 'T1548.003']"
266,https://helgeklein.com/blog/2010/04/active-setup-explained/,['enterprise-attack'],"['persistence', 'privilege-escalation']",['Active Setup'],['T1547.014']
267,https://digital-forensics.sans.org/summit-archives/2010/35-glyer-apt-persistence-mechanisms.pdf,['enterprise-attack'],"['persistence', 'privilege-escalation']",['Active Setup'],['T1547.014']
268,https://citizenlab.ca/2015/12/packrat-report/,['enterprise-attack'],"['persistence', 'privilege-escalation']",['Active Setup'],['T1547.014']
269,https://securelist.com/whos-really-spreading-through-the-bright-star/68978/,['enterprise-attack'],"['persistence', 'privilege-escalation']",['Active Setup'],['T1547.014']
270,https://unit42.paloaltonetworks.com/unit42-tropic-trooper-targets-taiwanese-government-and-fossil-fuel-provider-with-poison-ivy/,['enterprise-attack'],"['persistence', 'privilege-escalation']",['Active Setup'],['T1547.014']
271,https://cdn2.hubspot.net/hubfs/3354902/Content%20PDFs/Cybereason-Lab-Analysis-OSX-Pirrit-4-6-16.pdf,['enterprise-attack'],['defense-evasion'],"['Hide Artifacts', 'Hidden Users', 'Hidden Users']","['T1564', 'T1564.002', 'T1147']"
272,https://blog.malwarebytes.com/101/2015/07/introduction-to-alternate-data-streams/,['enterprise-attack'],['defense-evasion'],"['Hide Artifacts', 'NTFS File Attributes', 'NTFS File Attributes']","['T1564', 'T1564.004', 'T1096']"
273,https://sensepost.com/blog/2016/powershell-c-sharp-and-dde-the-power-within/,['enterprise-attack'],['execution'],"['Dynamic Data Exchange', 'Dynamic Data Exchange']","['T1559.002', 'T1173']"
274,https://www.contextis.com/blog/comma-separated-vulnerabilities,['enterprise-attack'],['execution'],"['Dynamic Data Exchange', 'Dynamic Data Exchange']","['T1559.002', 'T1173']"
275,https://posts.specterops.io/reviving-dde-using-onenote-and-excel-for-code-execution-d7226864caee,['enterprise-attack'],['execution'],"['Dynamic Data Exchange', 'Dynamic Data Exchange']","['T1559.002', 'T1173']"
276,https://sensepost.com/blog/2017/macro-less-code-exec-in-msword/,['enterprise-attack'],['execution'],"['Dynamic Data Exchange', 'Dynamic Data Exchange']","['T1559.002', 'T1173']"
277,https://owasp.org/www-community/attacks/CSV_Injection,['enterprise-attack'],['execution'],['Dynamic Data Exchange'],['T1559.002']
278,https://blog.securelayer7.net/how-to-perform-csv-excel-macro-injection/,['enterprise-attack'],['execution'],['Dynamic Data Exchange'],['T1559.002']
279,https://blog.nviso.be/2017/10/11/detecting-dde-in-ms-office-documents/,['enterprise-attack'],['execution'],"['Dynamic Data Exchange', 'Dynamic Data Exchange']","['T1559.002', 'T1173']"
280,https://www.bleepingcomputer.com/news/security/psa-dont-open-spam-containing-password-protected-word-docs/,['enterprise-attack'],['execution'],['Malicious File'],['T1204.002']
281,https://threatpost.com/broadvoice-leaks-350m-records-voicemail-transcripts/160158/,['enterprise-attack'],['reconnaissance'],"['Identify Business Tempo', 'Business Relationships', 'Gather Victim Org Information', 'Identify Roles', 'Determine Physical Locations']","['T1591.003', 'T1591.002', 'T1591', 'T1591.004', 'T1591.001']"
282,https://rewtin.blogspot.ch/2017/11/abusing-user-shares-for-efficient.html,['enterprise-attack'],['lateral-movement'],['Taint Shared Content'],['T1080']
283,https://us-cert.cisa.gov/ncas/alerts/aa21-008a,['enterprise-attack'],"['defense-evasion', 'privilege-escalation']","['Domain Trust Modification', 'Domain Policy Modification']","['T1484.002', 'T1484']"
284,https://us-cert.cisa.gov/ncas/alerts/aa20-258a,['enterprise-attack'],['resource-development'],['Domains'],['T1583.001']
285,https://www.zdnet.com/article/paypal-alert-beware-the-paypai-scam-5000109103/,['enterprise-attack'],['resource-development'],['Domains'],['T1583.001']
286,https://us-cert.cisa.gov/ncas/tips/ST05-016,['enterprise-attack'],['resource-development'],['Domains'],['T1583.001']
287,https://pypi.org/project/rarfile/,['enterprise-attack'],['collection'],['Archive via Library'],[